<?xml version="1.0" encoding="UTF-8"?>
<!DOCTYPE suite SYSTEM "http://testng.org/testng-1.0.dtd">
<!--<suite name="BDD Test Suite" verbose="1" parallel="tests" thread-count="2" configfailurepolicy="continue">
    <test name="User Survey Testing" annotations="JDK" preserve-order="true">
    -->
<suite name="Suit">
    <test name="Test">

        <parameter name="Browser" value="FF"/>
        <parameter name="url" value="https://www.dbs.com.sg/Contact/dbs/survey/default.page"/>
        <parameter name="ENV" value="Production"/>
        <classes>
            <class name="register.TestRunner"/>
            <!--<class name="register.UserSurvayTestNg"/>-->

        </classes>
    </test>

    <test name="Test2">
        <parameter name="Browser" value="CD"/>
        <parameter name="url" value="https://www.dbs.com.sg/Contact/dbs/survey/default.page"/>
        <parameter name="ENV" value="UAT"/>
        <classes>
            <class name="register.TestRunner"/>
            <!--<class name="register.UserSurvayTestNg"/>-->
           <!-- <class name="register.UserSurvayTestNgFX"/>-->
        </classes>
    </test>

    <test name="Test2">
        <parameter name="Browser" value="IE"/>
        <parameter name="url" value="https://www.dbs.com.sg/Contact/dbs/survey/default.page"/>
        <parameter name="ENV" value="UAT"/>
        <classes>
            <class name="register.TestRunner"/>
            <!--<class name="register.UserSurvayTestNg"/>-->
            <!-- <class name="register.UserSurvayTestNgFX"/>-->
        </classes>
    </test>

   <!--
    <test name="Testing2">
        <parameter name="Browser" value="CD"/>
        <parameter name="url" value="https://www.dbs.com.sg/Contact/dbs/survey/default.page"/>

        <classes>

            <class name="register.UserSurvayTestNgFX"/>


    </test>
        -->
</suite>